[{"id":229261296,"title":"Blog Template","order":1,"templateKey":"blog","customTemplate":false,"customTemplateFilename":null,"pageLinks":[],"dateCreated":"2024-02-03T17:12:00.663Z","dateUpdated":"2024-02-03T17:12:03.430Z","folderId":null,"pageName":"Blog Template","serverPageId":null,"sectionCount":1,"status":2,"backwardUrl":null},{"id":2040228096,"title":"Post Template","order":2,"templateKey":"post","customTemplate":false,"customTemplateFilename":null,"pageLinks":[],"dateCreated":"2024-02-03T17:12:00.858Z","dateUpdated":"2024-02-03T17:12:03.430Z","folderId":null,"pageName":"Post Template","serverPageId":null,"sectionCount":1,"status":2,"backwardUrl":null},{"id":345230371,"title":"Product List Template","order":3,"templateKey":"products","customTemplate":false,"customTemplateFilename":null,"pageLinks":[],"dateCreated":"2024-02-03T17:12:01.075Z","dateUpdated":"2024-02-03T18:26:22.986Z","folderId":null,"pageName":"Product List Template","serverPageId":null,"sectionCount":2,"status":2,"backwardUrl":null},{"id":70921964,"title":"Product Details Template","order":4,"templateKey":"product","customTemplate":false,"customTemplateFilename":null,"pageLinks":[],"dateCreated":"2024-02-03T17:12:01.319Z","dateUpdated":"2024-02-03T17:12:03.431Z","folderId":null,"pageName":"Product Details Template","serverPageId":null,"sectionCount":1,"status":2,"backwardUrl":null},{"id":93686605,"title":"Shopping Cart Template","order":5,"templateKey":"cart","customTemplate":false,"customTemplateFilename":null,"pageLinks":[],"dateCreated":"2024-02-03T17:12:01.519Z","dateUpdated":"2024-02-03T17:12:03.431Z","folderId":null,"pageName":"Shopping Cart Template","serverPageId":null,"sectionCount":1,"status":2,"backwardUrl":null},{"id":89625236,"title":"Checkout Template","order":6,"templateKey":"checkout","customTemplate":false,"customTemplateFilename":null,"pageLinks":[],"dateCreated":"2024-02-03T17:12:01.798Z","dateUpdated":"2024-02-03T17:12:03.431Z","folderId":null,"pageName":"Checkout Template","serverPageId":null,"sectionCount":1,"status":2,"backwardUrl":null},{"id":71376441,"title":"Login Template","order":7,"templateKey":"login","customTemplate":false,"customTemplateFilename":null,"pageLinks":[],"dateCreated":"2024-02-03T17:12:02.009Z","dateUpdated":"2024-02-03T17:12:03.431Z","folderId":null,"pageName":"Login Template","serverPageId":null,"sectionCount":1,"status":2,"backwardUrl":null},{"id":865511744,"title":"Page Password Template","order":8,"templateKey":"password","customTemplate":false,"customTemplateFilename":null,"pageLinks":[],"dateCreated":"2024-02-03T17:12:02.142Z","dateUpdated":"2024-02-03T17:12:03.431Z","folderId":null,"pageName":"Page Password Template","serverPageId":null,"sectionCount":1,"status":2,"backwardUrl":null},{"id":2782967,"title":"404 Not Found Template","order":9,"templateKey":"404","customTemplate":false,"customTemplateFilename":null,"pageLinks":[],"dateCreated":"2024-02-03T17:12:02.259Z","dateUpdated":"2024-02-03T17:12:03.432Z","folderId":null,"pageName":"404 Not Found Template","serverPageId":null,"sectionCount":1,"status":2,"backwardUrl":null},{"id":2741924008,"title":"Thank You Page Template","order":10,"templateKey":"ThankYou","customTemplate":false,"customTemplateFilename":null,"pageLinks":[],"dateCreated":"2024-02-03T17:12:02.357Z","dateUpdated":"2024-02-03T17:12:03.432Z","folderId":null,"pageName":"Thank You Page Template","serverPageId":null,"sectionCount":1,"status":2,"backwardUrl":null},{"id":310637057,"title":"About","order":100,"templateKey":null,"customTemplate":false,"customTemplateFilename":null,"pageLinks":[],"dateCreated":"2024-02-03T17:12:02.429Z","dateUpdated":"2024-02-03T17:12:03.432Z","folderId":null,"pageName":"About_310637057","serverPageId":null,"sectionCount":1,"status":2,"backwardUrl":null},{"id":163878868,"title":"Contact","order":101,"templateKey":null,"customTemplate":false,"customTemplateFilename":null,"pageLinks":[],"dateCreated":"2024-02-03T17:12:02.492Z","dateUpdated":"2024-02-03T17:12:03.432Z","folderId":null,"pageName":"Contact_163878868","serverPageId":null,"sectionCount":1,"status":2,"backwardUrl":null},{"id":1094813610,"title":"Page 1","order":102,"templateKey":null,"customTemplate":false,"customTemplateFilename":null,"pageLinks":[],"dateCreated":"2024-02-03T18:19:41.744Z","dateUpdated":"2024-02-05T20:41:18.955Z","folderId":null,"pageName":"Page 1_1094813610","serverPageId":null,"sectionCount":9,"status":2,"backwardUrl":null}]